,Weather City,Cloudiness,Country,Date,Humidity,Latitude,Longitude,Maximum Temperature,Wind Speed
0,douentza,91,ML,1587251998,21,15.0,-2.95,84.24,2.21
1,boca do acre,61,IT,1587251998,76,45.68,8.41,57.0,0.25
2,flinders,49,AU,1587251998,65,-34.58,150.86,64.0,7.0
3,akureyri,75,IS,1587251998,70,65.68,-18.09,46.4,34.45
4,yarada,0,IN,1587251998,80,17.65,83.27,80.85,11.34
5,kavieng,93,PG,1587251837,74,-2.57,150.8,82.99,4.9
6,hamilton,1,US,1587251881,40,39.18,-84.53,54.0,9.17
7,carnarvon,72,AU,1587251999,88,-24.87,113.63,71.6,8.05
8,manokwari,96,ID,1587251999,65,-0.87,134.08,85.03,1.99
9,mataura,80,NZ,1587251999,74,-46.19,168.86,53.01,10.0
10,upernavik,99,GL,1587251999,90,72.79,-56.15,22.95,14.5
11,urumqi,63,CN,1587251999,58,43.8,87.6,53.6,4.47
12,busselton,95,AU,1587251999,98,-33.65,115.33,61.0,22.03
13,shar,1,KZ,1587251999,58,49.59,81.05,46.45,1.97
14,codrington,53,AU,1587252000,72,-38.27,141.97,56.52,10.31
15,rikitea,42,PF,1587252000,70,-23.12,-134.97,77.41,5.93
16,punta arenas,96,PH,1587252000,80,8.99,125.34,79.09,4.32
17,tuatapere,47,NZ,1587251838,74,-46.13,167.68,53.01,10.0
19,sur,19,OM,1587252000,55,22.57,59.53,81.27,8.14
20,beni suef,100,CD,1587252000,71,0.5,29.47,64.44,1.99
21,komsomolskiy,4,UZ,1587252001,58,40.43,71.72,55.4,6.93
22,lagos,40,NG,1587251730,83,6.58,3.75,84.2,4.7
23,tefe,92,BR,1587252001,95,-3.35,-64.71,75.65,0.76
24,mahebourg,40,MU,1587252001,83,-20.41,57.7,77.0,11.41
25,coihaique,90,CL,1587252001,93,-45.58,-72.07,44.6,5.82
26,vaini,40,TO,1587252001,74,-21.2,-175.2,80.6,12.75
27,ponta do sol,100,PT,1587252001,84,38.73,-28.27,58.77,14.83
28,burns lake,1,US,1587252001,14,43.59,-119.05,66.2,11.41
29,itoman,75,JP,1587252002,83,26.12,127.67,77.0,11.41
30,ushuaia,40,AR,1587252002,61,-54.8,-68.3,48.2,11.41
31,cabral,13,DO,1587252002,67,18.25,-71.22,78.04,4.09
32,lorengau,10,PG,1587252002,69,-2.02,147.27,84.83,2.62
33,georgetown,40,MY,1587252002,94,5.41,100.34,80.6,3.36
34,sao felix do xingu,30,IN,1587252002,25,20.51,76.21,81.41,3.51
35,cape town,20,CL,1587252002,68,-36.41,-71.9,69.8,6.93
36,zakupne,74,UA,1587252002,34,49.12,26.34,41.0,4.99
37,haines junction,1,US,1587252003,50,59.23,-135.44,55.4,8.05
38,port elizabeth,98,CD,1587252003,60,-7.03,29.76,73.72,3.42
39,litoral del san juan,0,BR,1587252003,81,-30.01,-50.16,68.05,13.65
40,kapaa,1,US,1587251833,65,22.08,-159.32,80.6,5.82
41,novaya igirma,79,RU,1587252003,89,55.92,38.33,35.6,4.47
42,muravlenko,100,RU,1587252003,88,63.79,74.52,40.12,17.65
43,albany,76,US,1587252003,51,42.6,-73.97,46.0,1.01
44,olinda,40,BR,1587252004,74,-8.01,-34.86,84.2,4.7
45,roald,7,NO,1587252004,93,62.58,6.13,41.0,9.17
46,ndioum,29,SN,1587252004,53,16.51,-14.65,75.2,6.93
47,bredasdorp,55,ZA,1587252004,87,-34.53,20.04,50.0,2.24
48,sacalum,20,MX,1587252004,24,20.48,-89.58,102.2,18.34
49,east london,75,IS,1587252004,70,65.0,-15.0,46.4,12.75
50,iqaluit,20,CA,1587252004,71,63.75,-68.51,3.2,6.93
51,nabire,100,ID,1587252069,89,-3.37,135.48,76.84,5.5
52,ancud,40,CL,1587251867,93,-41.87,-73.82,55.4,8.05
53,tura,12,IN,1587252070,79,25.52,90.22,65.77,1.36
54,honiara,40,SB,1587252070,74,-9.43,159.95,86.0,3.36
55,alpena,75,US,1587252070,26,45.06,-83.43,57.2,13.87
56,key west,90,US,1587252070,46,32.73,-101.8,75.0,16.11
57,hobart,75,AU,1587252070,76,-42.88,147.33,51.01,8.05
58,ojinaga,1,MX,1587252070,9,29.57,-104.42,93.2,10.29
59,zelenoborsk,93,RU,1587252071,91,61.47,64.03,35.55,10.8
60,xichang,16,CN,1587252071,37,27.9,102.26,62.85,1.14
61,kirando,94,TZ,1587252071,60,-7.42,30.6,74.43,10.38
62,port alfred,98,CD,1587252003,60,-7.03,29.76,73.72,3.42
63,barrow,1,US,1587251849,71,71.29,-156.79,6.8,11.41
64,puerto ayora,42,ES,1587252071,82,36.59,-6.23,62.6,8.05
65,trinidad,0,BO,1587252071,57,-14.83,-64.9,78.8,4.7
66,kamenka,0,RU,1587252071,83,51.32,42.77,36.0,1.01
67,nemuro,100,JP,1587252072,79,43.32,145.57,40.03,9.22
68,flin flon,36,FR,1587252072,93,48.5,6.66,51.8,2.24
69,nikolskoye,90,RU,1587252072,92,59.7,30.79,36.0,8.95
70,amberley,1,US,1587252072,40,39.2,-84.43,55.0,9.17
71,kirakira,99,SB,1587251856,67,-10.45,161.92,85.03,1.3
72,port lincoln,98,CD,1587252072,60,-7.03,29.76,73.72,3.42
73,chokurdakh,100,RU,1587252072,89,70.63,147.92,0.03,10.31
74,hobyo,89,SO,1587251873,74,5.35,48.53,83.7,10.13
75,exaplatanos,24,GR,1587252073,68,40.98,22.12,57.99,1.59
76,yellowknife,90,CA,1587252073,86,62.46,-114.35,26.6,10.29
77,asifabad,0,IN,1587252073,39,19.37,79.28,81.48,4.18
78,kabinda,100,CD,1587252073,76,-6.13,24.48,69.3,5.75
79,alyangula,54,AU,1587252073,79,-13.85,136.42,84.2,3.36
80,chongwe,22,ZM,1587252074,88,-15.33,28.68,62.6,3.36
81,uruguaiana,0,BR,1587252074,68,-29.75,-57.09,68.0,4.7
82,mandalgovi,60,MN,1587252074,49,45.76,106.27,30.34,28.92
83,port-de-bouc,97,FR,1587252074,87,43.4,4.98,59.0,5.82
84,harper,100,LR,1587251821,84,4.38,-7.72,80.13,9.17
85,constitucion,76,CL,1587252074,91,-35.33,-72.42,59.74,10.0
86,yokadouma,98,CM,1587252074,83,3.52,15.05,70.86,2.55
87,airai,59,TL,1587252074,48,-8.93,125.41,68.59,3.67
88,olkhovatka,18,RU,1587252075,73,50.28,39.29,37.35,4.52
90,lompoc,90,US,1587252075,62,34.64,-120.46,59.0,10.29
91,bluff,100,NZ,1587251973,74,-46.6,168.33,53.01,10.0
92,fortuna,90,US,1587252075,76,40.6,-124.16,57.99,4.7
93,mana,80,GF,1587252075,87,5.66,-53.78,78.55,7.87
94,pochutla,20,MX,1587252076,66,15.74,-96.47,87.01,17.22
95,hilo,20,US,1587252000,58,19.73,-155.09,82.4,11.41
96,mys shmidta,100,RU,1587252076,91,62.06,48.62,33.58,3.02
97,northam,48,GB,1587252076,94,51.03,-4.22,52.0,1.01
98,jamestown,1,US,1587252076,41,42.1,-79.24,46.0,10.29
99,langham,40,CA,1587252076,55,52.37,-106.97,35.6,13.87
100,bethel,73,US,1587252076,84,41.37,-73.41,41.0,5.86
101,pag,100,HR,1587252141,87,44.45,15.06,50.0,2.77
102,acarau,40,BR,1587251954,85,-2.89,-40.12,77.0,1.03
103,haicheng,100,CN,1587252067,39,40.85,122.75,58.82,4.9
104,nokaneng,61,BW,1587252142,40,-19.67,22.27,71.98,3.71
105,ishinomaki,75,JP,1587252142,66,38.42,141.3,50.0,23.04
106,qaanaaq,100,GL,1587252142,88,77.48,-69.36,21.69,19.26
107,grand river south east,40,US,1587252142,22,38.88,-109.5,66.2,16.11
108,guerrero negro,37,MX,1587252142,25,17.67,-100.0,86.07,3.83
109,lebu,51,CL,1587252142,91,-37.62,-73.65,54.84,2.13
110,atuona,95,PF,1587252143,75,-9.8,-139.03,82.0,17.6
111,santa marta,90,PH,1587252143,61,17.49,120.43,85.17,1.66
112,saint-augustin,33,CA,1587251872,92,51.23,-58.65,24.73,13.33
113,new norfolk,75,LR,1587252068,94,6.65,-10.59,78.8,3.15
114,caravelas,93,BR,1587252143,78,-17.71,-39.25,76.51,17.25
115,chuy,10,UY,1587252143,86,-33.7,-53.46,64.35,9.82
116,tiksi,68,RU,1587252143,85,71.69,128.87,10.29,3.94
117,ixtapa,90,MX,1587252144,69,20.7,-105.2,77.0,13.87
118,tilichiki,0,RU,1587252144,91,60.47,166.1,10.78,10.83
119,sao joao da barra,30,IN,1587252002,25,20.51,76.21,81.41,3.51
120,zambezi,89,ZM,1587252144,64,-13.54,23.1,64.71,4.88
121,katsuura,5,JP,1587252144,53,35.13,140.3,66.0,3.0
122,santa isabel do rio negro,90,PH,1587252144,61,17.49,120.43,85.17,1.66
123,axim,30,GH,1587252144,85,4.87,-2.24,80.76,7.87
124,tuktoyaktuk,75,CA,1587252145,78,69.45,-133.04,10.4,9.17
125,nacala,5,MZ,1587252145,88,-14.54,40.67,76.3,10.27
126,usinsk,99,RU,1587252145,98,65.99,57.53,29.62,3.74
127,bambous virieux,40,MU,1587252145,83,-20.26,57.41,77.0,11.41
128,port-gentil,66,GA,1587252145,85,-0.72,8.78,81.61,10.07
129,ngama,70,TD,1587252145,11,11.78,17.17,82.08,9.26
130,alofi,51,NU,1587252145,74,-19.06,-169.92,84.2,17.22
131,kyren,91,RU,1587252146,66,51.68,102.14,30.38,8.23
133,tastur,97,TN,1587252146,88,36.55,9.44,69.8,1.81
134,lensk,94,RU,1587252146,89,60.73,114.93,17.04,6.71
135,klaksvik,0,FO,1587252146,80,62.23,-6.59,41.0,11.41
136,tasiilaq,99,GL,1587252146,95,65.61,-37.64,32.0,13.87
137,narsaq,93,GL,1587252146,50,60.92,-46.05,30.2,1.12
138,severo-kurilsk,22,RU,1587252147,89,50.68,156.12,34.54,13.94
139,concordia sagittaria,0,AR,1587252147,59,-31.39,-58.02,72.0,1.99
140,cidreira,0,BR,1587251878,81,-30.18,-50.21,67.82,12.93
141,torbay,20,CA,1587252147,91,47.67,-52.73,34.0,13.87
142,mgandu,99,TZ,1587252147,64,-5.95,34.13,60.64,6.42
143,grenville,20,GD,1587252147,78,12.12,-61.62,80.6,9.17
144,ati,1,TD,1587252147,13,13.22,18.34,81.28,11.43
145,serenje,22,ZM,1587252148,63,-13.23,30.24,60.78,8.1
146,portobelo,60,PA,1587252148,58,9.55,-79.65,89.01,3.0
147,abu dhabi,69,IN,1587252148,41,24.6,72.7,63.82,1.99
148,husavik,75,IS,1587252148,70,66.04,-17.34,46.4,34.45
149,sokoto,4,NG,1587252148,11,13.06,5.24,83.77,6.38
150,palmer,90,US,1587252148,75,42.16,-72.33,42.01,4.7
151,geraldton,40,AU,1587252213,88,-28.77,114.6,68.0,4.7
152,kerepehi,71,NZ,1587252214,66,-37.3,175.53,71.01,13.0
153,khatanga,0,RU,1587252214,94,71.97,102.5,14.76,4.16
154,tahta,0,EG,1587251916,40,26.77,31.5,69.8,5.82
155,kondinskoye,33,RU,1587252214,82,59.65,67.41,36.95,10.76
156,norman wells,1,US,1587252202,37,35.22,-97.44,66.2,18.34
157,dikson,100,RU,1587252214,87,73.51,80.55,35.65,20.71
158,beringovskiy,100,RU,1587252214,97,63.05,179.32,21.25,16.64
159,czluchow,0,PL,1587252215,57,53.67,17.36,37.0,6.24
160,havre-saint-pierre,1,CA,1587252215,93,50.23,-63.6,32.0,10.29
161,dunedin,72,NZ,1587252215,45,-45.87,170.5,59.0,5.01
162,taltal,27,CL,1587251948,72,-25.4,-70.48,63.88,4.94
163,padang,85,ID,1587252215,78,-0.95,100.35,78.55,4.23
164,seydi,71,TM,1587252215,25,39.48,62.91,67.73,8.75
165,primorsk,69,UA,1587252215,53,46.73,36.34,47.91,7.4
166,araouane,79,ML,1587252215,11,18.9,-3.53,88.74,3.74
167,pevek,30,RU,1587252215,91,69.7,170.31,3.22,7.29
168,mayumba,89,GA,1587251943,83,-3.43,10.66,79.57,3.31
169,petropavlovsk-kamchatskiy,5,RU,1587252216,48,53.05,158.65,42.8,13.42
170,awbari,2,LY,1587252216,22,26.59,12.78,77.16,14.07
171,fort saint john,80,NL,1587252216,61,52.65,6.39,52.0,3.0
172,kudahuvadhoo,79,MV,1587252216,79,2.67,72.89,83.86,12.75
173,tautira,54,PF,1587252216,70,-17.73,-149.15,87.8,8.05
174,batticaloa,53,LK,1587252217,82,7.71,81.69,80.17,4.72
175,altay,89,CN,1587252217,36,47.87,88.12,46.08,4.18
176,wadi maliz,37,IN,1587252217,31,17.07,76.98,82.04,4.65
177,hirara,75,JP,1587252217,88,24.8,125.28,77.0,13.87
178,makakilo city,1,US,1587252019,54,21.35,-158.09,82.4,10.29
179,esperance,100,AU,1587252217,93,-33.87,121.9,59.0,14.99
180,bubaque,94,GW,1587252218,61,11.28,-15.83,80.8,18.34
181,deputatskiy,76,RU,1587252218,75,69.3,139.9,-0.53,2.59
182,port hedland,98,CD,1587252218,60,-7.03,29.76,73.72,3.42
183,hailun,100,CN,1587252218,29,47.45,126.93,61.0,22.03
184,ketchikan,1,US,1587252218,58,55.34,-131.65,57.2,16.11
185,pangkalanbuun,89,ID,1587252218,90,-2.68,111.62,78.62,3.15
186,kimbe,46,PG,1587252218,59,-5.55,150.14,89.06,1.72
187,muyezerskiy,100,RU,1587252218,91,63.93,31.65,31.66,9.15
188,tual,98,ID,1587252219,75,-5.67,132.75,84.04,8.05
189,gelemso,100,ET,1587252219,61,8.82,40.52,59.05,7.14
190,dina,40,CA,1587252219,59,52.93,-110.08,37.4,12.75
191,erenhot,76,CN,1587252219,60,43.65,111.98,44.96,7.65
192,mahon,100,ES,1587252219,93,39.89,4.27,62.6,2.24
193,bose,84,IT,1587252219,63,45.46,8.01,57.99,1.23
194,krasnoselkup,100,RU,1587252219,83,65.7,82.47,37.78,24.94
195,lavrentiya,100,RU,1587252220,95,65.58,-171.0,20.88,9.64
196,hambantota,24,LK,1587252220,83,6.12,81.12,80.44,5.95
197,kavaratti,3,IN,1587252220,73,10.57,72.64,83.97,6.67
199,terrace,20,CA,1587252220,34,54.52,-128.6,66.99,8.05
200,viedma,99,AR,1587252220,31,-40.81,-63.0,77.49,19.71
201,rodionovo-nesvetayskaya,97,RU,1587252285,48,47.61,39.71,39.2,2.24
202,saint-philippe,40,RE,1587252286,78,-21.36,55.77,77.0,12.75
203,saldanha,96,ZA,1587252286,55,-33.01,17.94,64.4,8.05
204,owando,87,CG,1587252286,87,-0.48,15.9,73.02,2.8
205,burgeo,22,CA,1587252286,90,47.62,-57.62,29.35,3.0
206,hyeres,99,FR,1587252286,93,43.12,6.12,57.99,1.12
207,talnakh,100,RU,1587252286,80,69.49,88.4,35.6,33.55
208,sabang,83,ID,1587252287,72,5.89,95.32,82.45,3.36
209,sitka,40,US,1587252170,81,57.05,-135.33,51.8,5.82
210,kieta,65,PG,1587252287,64,-6.22,155.63,85.6,0.92
211,bengkulu,87,ID,1587252287,83,-3.8,102.27,77.59,3.89
212,tagusao,23,PH,1587252287,66,9.19,117.81,84.36,4.94
213,puerto del rosario,42,ES,1587252071,82,36.59,-6.23,62.6,8.05
214,butaritari,88,KI,1587252287,77,3.07,172.79,83.34,17.34
215,castro,47,BR,1587252287,69,-24.79,-50.01,56.71,6.08
216,haveli,5,PK,1587252287,54,30.45,73.7,71.73,5.53
217,bara,86,NG,1587252288,12,10.37,10.73,83.55,4.07
218,severodvinsk,40,RU,1587252288,98,64.56,39.83,35.6,4.47
219,acapulco,5,MX,1587252057,70,16.86,-99.89,84.2,9.17
220,provideniya,100,RU,1587252288,96,64.38,-173.3,23.2,13.89
221,rosa zarate,39,IT,1587252288,64,45.93,12.87,54.0,1.83
222,suoyarvi,94,RU,1587252288,92,62.08,32.35,32.02,7.02
223,nador,40,MA,1587252288,93,35.17,-2.93,62.6,3.36
224,saurimo,99,AO,1587252289,70,-9.66,20.39,64.6,2.13
225,coquimbo,90,CL,1587252289,93,-29.95,-71.34,59.0,9.17
226,santa rosa,90,PH,1587252143,61,17.49,120.43,85.17,1.66
227,port blair,98,CD,1587252218,60,-7.03,29.76,73.72,3.42
228,realeza,0,BR,1587252289,68,-25.77,-53.53,60.66,1.99
229,hermanus,78,ZA,1587252289,64,-34.42,19.23,63.0,1.99
230,coron,5,PH,1587252290,74,12.0,120.2,84.58,17.65
231,sinnamary,67,GF,1587252290,84,5.38,-52.95,80.01,10.65
232,saint-pierre,40,RE,1587252290,78,-21.34,55.48,77.0,12.75
233,kaitangata,82,NZ,1587252290,58,-46.28,169.85,55.99,7.0
234,cayenne,90,GF,1587252206,83,4.93,-52.33,80.6,5.82
235,vostok,21,RU,1587252290,41,46.49,135.88,51.31,4.83
236,shizukuishi,40,JP,1587252290,66,39.68,140.98,55.4,23.04
237,moron,0,AR,1587252090,73,-34.65,-58.62,68.0,9.95
238,touros,75,BR,1587252290,88,-5.2,-35.46,80.6,2.24
239,saeby,0,DK,1587252291,80,57.33,10.52,33.01,7.96
240,arraial do cabo,55,BR,1587252291,72,-22.84,-46.65,66.2,17.22
241,wexford,85,IE,1587252242,96,52.33,-6.46,48.0,5.01
242,kismayo,100,SO,1587252291,77,-0.36,42.55,83.16,7.11
243,manggar,98,ID,1587252291,78,-2.88,108.27,81.86,1.66
244,ust-omchug,100,RU,1587252291,77,61.15,149.63,-1.53,11.63
245,aswan,3,EG,1587252043,23,24.09,32.91,73.4,12.75
246,kodiak,20,US,1587252229,75,57.79,-152.41,46.4,13.87
247,ganzhou,99,CN,1587252292,87,28.82,115.43,61.81,3.94
248,rayagada,0,IN,1587252292,69,19.17,83.42,76.64,1.28
249,hithadhoo,79,MV,1587252292,73,-0.6,73.08,83.93,11.03
250,nichinan,61,JP,1587252292,72,31.6,131.37,59.0,3.36
251,tecpan,5,GT,1587252357,65,14.76,-90.99,77.0,11.41
252,orje,0,NO,1587252357,60,59.48,11.66,39.2,6.93
253,vila velha,90,PT,1587252357,93,42.03,-8.16,50.0,2.24
254,jiangyou,26,CN,1587252357,60,31.77,104.72,62.06,0.78
255,myanaung,0,MM,1587252358,57,18.28,95.32,74.01,2.57
256,kruisfontein,0,ZA,1587252358,36,-34.0,24.73,65.39,6.62
257,mizur,96,RU,1587252358,86,42.85,44.05,39.2,8.95
258,san quintin,99,ML,1587252358,21,13.3,-4.9,94.12,8.41
259,bindi,99,SL,1587252358,69,9.92,-11.45,76.84,8.08
260,puerto colombia,42,ES,1587252071,82,36.59,-6.23,62.6,8.05
261,birao,90,CF,1587252358,14,10.28,22.79,76.93,1.74
262,manavalakurichi,40,IN,1587252359,83,8.13,77.3,82.4,5.82
263,karratha,89,AU,1587252359,49,-20.74,116.85,84.7,7.85
264,buraydah,93,SA,1587252099,93,26.33,43.98,64.4,13.87
265,kahului,20,US,1587252066,51,20.89,-156.47,84.2,16.11
266,grand-lahou,82,CI,1587252359,84,5.14,-5.02,81.39,11.7
267,tamiahua,50,MX,1587252359,85,21.27,-97.45,81.68,8.79
268,cherskiy,22,RU,1587252359,88,68.75,161.3,7.32,8.97
269,saint-georges,20,GD,1587252359,78,12.06,-61.75,80.6,9.17
270,esmeralda,10,CU,1587252360,67,21.85,-78.12,79.92,5.77
271,avera,1,US,1587252360,29,33.19,-82.53,75.2,10.29
272,colorado,0,BR,1587252360,73,-22.84,-51.97,63.41,5.64
273,salina,1,US,1587252087,29,38.84,-97.61,66.2,17.22
274,perth,75,AU,1587252334,72,-31.93,115.83,69.01,20.8
275,muroto,75,JP,1587252360,51,33.28,134.15,60.8,16.11
276,hillsborough,40,US,1587252202,55,37.57,-122.38,66.0,14.99
277,cayeli,82,TR,1587252360,68,41.09,40.73,54.14,2.33
278,inhambane,35,MZ,1587252361,78,-23.86,35.38,74.21,13.18
279,kangaatsiaq,97,GL,1587252361,95,68.31,-53.46,24.71,9.15
280,alekseyevsk,88,RU,1587252361,86,57.84,108.35,21.11,9.55
281,mineral wells,40,US,1587252361,39,39.4,-78.95,48.2,13.87
282,bethanien,0,NA,1587252361,19,-26.5,17.16,64.78,0.87
283,fereydun kenar,40,IR,1587252361,87,34.37,46.92,44.6,0.07
284,pisco,17,PE,1587252320,73,-13.7,-76.22,70.0,18.34
285,iisalmi,22,FI,1587252361,69,63.56,27.19,35.6,12.75
286,leningradskiy,4,RU,1587252362,88,69.38,178.42,5.61,8.75
287,matagami,90,CA,1587252362,41,49.75,-77.63,42.8,10.29
288,norsup,40,VU,1587252362,83,-16.07,167.38,82.4,6.93
289,nehe,100,CN,1587252362,27,48.48,124.83,61.66,22.1
290,karwar,67,IN,1587252362,83,14.8,74.13,81.03,1.48
291,port hardy,98,CD,1587252307,60,-7.03,29.76,73.72,3.42
292,itaqui,0,BR,1587252362,66,-29.13,-56.55,65.16,9.06
293,emerald,40,AU,1587252363,65,-23.53,148.17,80.6,9.17
294,ahipara,91,NZ,1587252363,74,-35.17,173.17,67.3,9.64
295,upata,80,VE,1587252363,45,8.01,-62.4,81.45,8.61
296,wanxian,31,CN,1587252363,70,30.8,108.39,62.94,2.77
297,price,40,US,1587252363,43,39.6,-110.81,57.0,21.92
298,cabo san lucas,40,BR,1587252363,74,-8.28,-35.03,84.2,4.7
299,clyde river,22,US,1587252363,46,41.3,-82.98,53.01,5.01
300,namatanai,96,PG,1587252363,74,-3.67,152.43,83.53,6.33
301,barsi,52,IN,1587252429,27,18.23,75.7,84.0,8.79
302,ligourion,1,GR,1587252429,76,37.62,23.03,55.4,3.0
303,surt,42,LY,1587252429,69,31.21,16.59,62.04,10.92
304,loukhi,59,RU,1587252429,97,66.08,33.04,25.02,5.37
305,bathsheba,20,BB,1587252429,69,13.22,-59.52,80.6,16.11
306,anklam,16,DE,1587252429,74,53.86,13.69,43.0,1.01
307,sept-iles,75,CA,1587252220,80,50.2,-66.38,33.01,10.29
308,maryborough,89,AU,1587252430,84,-25.53,152.7,75.0,4.0
309,nanortalik,89,GL,1587252430,92,60.14,-45.24,28.76,5.21
310,morgan city,1,US,1587252430,62,39.72,-90.22,60.01,16.11
312,khao yoi,21,TH,1587252430,83,12.36,102.44,80.11,1.63
313,anisoc,58,GQ,1587252430,84,1.87,10.77,70.52,2.13
314,labuhan,82,ID,1587252354,82,-6.88,112.21,80.65,3.74
315,gbadolite,63,CD,1587252431,82,4.28,21.02,71.6,3.74
316,saskylakh,0,RU,1587252431,85,71.92,114.08,14.07,5.01
317,tambura,89,SS,1587252431,71,5.6,27.47,70.88,4.09
318,asfi,32,MA,1587252431,81,32.3,-9.24,61.75,5.26
319,tutoia,100,BR,1587252431,83,-2.76,-42.27,78.96,4.54
320,raudeberg,2,NO,1587252432,80,61.99,5.14,41.0,6.93
321,nantucket,90,US,1587252397,93,41.28,-70.1,39.99,26.4
322,khash,95,IR,1587252433,35,28.22,61.22,63.82,1.21
323,daniel flores,92,NG,1587252433,64,7.87,10.97,80.87,2.08
324,itarema,31,BR,1587252433,83,-2.92,-39.92,77.56,1.52
325,inirida,100,CO,1587252433,95,3.87,-67.92,74.12,0.96
326,yulara,22,AU,1587252433,37,-25.24,130.99,69.8,9.17
327,san pedro de uraba,99,ML,1587252433,21,13.3,-4.9,94.12,8.41
328,san vicente,99,ML,1587252358,21,13.3,-4.9,94.12,8.41
330,ibia,100,BR,1587252433,78,-19.48,-46.54,71.6,9.17
331,severnyy,2,RU,1587252434,55,50.68,36.55,37.4,2.24
332,ilulissat,100,GL,1587252435,85,69.22,-51.1,23.0,8.05
333,bonnyville,75,CA,1587252435,42,54.27,-110.73,44.6,14.99
334,aklavik,90,CA,1587252435,79,68.22,-135.01,24.8,6.93
335,alta floresta,100,NO,1587252435,88,69.97,23.27,35.6,4.7
336,fuyu,100,CN,1587252435,27,45.18,124.82,62.62,18.84
337,avarua,70,CK,1587252435,69,-21.21,-159.78,82.4,5.82
339,okhotsk,0,RU,1587252435,84,59.38,143.3,15.06,13.6
341,sao filipe,30,IN,1587252436,25,20.51,76.21,81.41,3.51
342,poronaysk,89,RU,1587252436,89,49.22,143.12,33.75,6.89
343,lake charles,1,US,1587252367,58,42.33,-88.0,57.2,25.28
344,malakal,91,SS,1587252436,12,9.53,31.66,84.29,4.59
345,victoria,43,HK,1587252193,88,22.29,114.16,75.0,4.0
346,ahuimanu,40,US,1587252222,51,21.44,-157.84,84.2,8.05
347,savannakhet,68,LA,1587252437,54,16.57,104.75,83.32,2.66
348,brae,0,GB,1587252438,86,60.4,-1.35,42.8,8.05
349,palu,87,ID,1587252438,66,-0.89,119.87,83.07,2.21
350,faanui,25,PF,1587252439,74,-16.48,-151.75,82.78,10.63
351,san francisco,99,ML,1587252434,21,13.3,-4.9,94.12,8.41
352,acari,9,PE,1587252504,61,-15.43,-74.62,73.49,3.11
353,osorio,4,BR,1587252504,81,-29.89,-50.27,66.0,9.75
354,grand gaube,40,US,1587252504,22,38.88,-109.5,66.2,16.11
355,san jeronimo,99,ML,1587252358,21,13.3,-4.9,94.12,8.41
356,kawalu,100,ID,1587252504,74,-7.38,108.21,75.07,2.19
357,zhigansk,78,RU,1587252504,93,66.77,123.37,6.84,12.3
358,mayo,1,US,1587252228,43,38.89,-76.51,52.0,8.1
359,kholodnyy,100,RU,1587252505,77,62.72,147.95,0.36,8.19
360,pangnirtung,97,CA,1587252505,85,66.15,-65.71,3.31,4.18
361,sanica,99,BA,1587252505,71,44.61,16.64,55.4,5.82
362,sovetskiy,94,RU,1587252505,91,61.36,63.58,36.23,10.36
363,arrecife,20,ES,1587252505,72,28.96,-13.55,64.4,10.29
364,puri,40,IN,1587252505,88,19.8,85.85,75.2,14.63
365,evensk,100,RU,1587252506,88,61.95,159.23,18.86,11.7
366,marandahalli,0,IN,1587252506,70,12.4,78.0,72.45,0.69
367,pareora,12,NZ,1587252506,44,-44.49,171.21,60.01,11.99
368,cascais,2,PT,1587252506,87,38.7,-9.42,59.0,13.51
369,naze,75,JP,1587252506,88,28.37,129.48,71.6,11.41
370,seymchan,100,RU,1587252506,85,62.88,152.43,3.47,13.76
371,shenjiamen,100,CN,1587252506,97,29.96,122.3,60.33,15.3
372,coahuayana,20,MX,1587252506,45,18.73,-103.68,86.0,11.41
373,eyemouth,0,GB,1587252450,91,55.87,-2.09,35.01,6.31
374,beian,75,NO,1587252507,93,63.66,9.57,42.8,5.82
375,puerto penasco,42,ES,1587252507,82,36.59,-6.23,62.6,8.05
376,kaduqli,65,SD,1587252507,15,11.02,29.72,76.59,5.55
377,quelimane,75,MZ,1587252507,88,-17.88,36.89,78.8,6.93
378,griffith,1,US,1587252507,43,41.53,-87.42,57.2,23.04
379,madang,100,PG,1587252507,77,-5.22,145.8,81.19,3.51
380,maningrida,100,AU,1587252508,73,-12.07,134.27,81.03,4.94
381,athabasca,35,CA,1587252508,50,54.72,-113.29,43.59,7.36
382,mogwase,0,ZA,1587252508,38,-25.18,27.27,63.68,1.16
383,peru,1,US,1587252508,62,40.75,-86.07,54.0,17.22
384,valparaiso,83,CL,1587252508,68,-33.04,-71.63,71.6,13.87
385,ostrovnoy,98,RU,1587252508,98,68.05,39.51,31.75,9.89
386,aksarka,100,RU,1587252508,96,66.56,67.8,32.41,4.74
388,bumba,92,CD,1587252509,83,2.18,22.47,70.48,1.34
389,okato,79,NZ,1587252509,66,-39.2,173.88,64.0,7.0
390,keti bandar,40,AM,1587252509,57,40.87,43.84,48.2,9.17
391,saint-joseph,40,RE,1587252509,78,-21.37,55.62,77.0,12.75
392,disa,78,IN,1587252509,47,24.25,72.17,77.61,7.63
393,bratsk,0,RU,1587252509,45,56.13,101.61,23.0,4.47
394,leua,100,SK,1587252509,61,48.22,18.61,50.0,2.24
395,kyaikkami,5,MM,1587252509,69,16.08,97.57,78.87,4.88
396,houma,90,US,1587252510,88,29.6,-90.72,72.0,5.75
397,sao francisco,30,IN,1587252510,25,20.51,76.21,81.41,3.51
398,isangel,75,VU,1587252510,78,-19.55,169.27,80.6,6.93
399,laguna,1,US,1587252510,45,38.42,-121.42,69.01,13.87
401,siocon,5,PH,1587252575,74,7.71,122.14,83.25,10.94
402,teya,37,RU,1587252576,93,60.38,92.63,29.59,3.31
403,malchevskaya,71,RU,1587252576,61,49.06,40.36,40.06,3.74
404,sioux lookout,16,US,1587252576,22,42.73,-96.23,69.8,24.16
405,hasaki,20,JP,1587252576,55,35.73,140.83,63.0,10.29
406,koltsovo,1,RU,1587252576,75,54.94,83.18,32.0,2.24
407,coihueco,20,CL,1587252576,68,-36.62,-71.83,69.8,6.93
408,seoul,90,KR,1587252423,67,37.57,126.98,59.0,3.36
409,sobolevo,94,RU,1587252576,82,54.43,31.9,34.38,8.84
410,qasigiannguit,95,GL,1587252576,85,68.82,-51.19,23.0,8.05
411,soplaviento,40,CO,1587252577,74,10.39,-75.14,84.2,14.99
412,yaan,89,NG,1587252577,69,7.38,8.57,81.46,11.43
413,toora-khem,0,RU,1587252577,59,52.47,96.11,33.3,1.52
414,daru,47,PG,1587252577,73,-9.08,143.21,84.15,7.81
415,nara,75,JP,1587252577,62,34.69,135.8,59.0,12.75
416,xining,100,CN,1587252577,26,36.62,101.77,45.3,2.59
417,salgueiro,100,BR,1587252577,78,-8.07,-39.12,74.1,9.26
418,skjervoy,100,NO,1587252577,92,70.03,20.97,39.15,13.98
419,minsk,80,BY,1587252530,64,53.9,27.57,35.6,6.71
420,kaeo,91,NZ,1587252578,92,-35.1,173.78,66.0,3.0
421,portland,90,US,1587252299,76,45.52,-122.68,54.0,5.82
422,locri,67,IT,1587252578,70,38.24,16.26,61.0,4.0
423,thompson,20,CA,1587252424,37,55.74,-97.86,17.6,14.99
424,moen,100,NO,1587252578,86,69.13,18.61,39.2,28.86
425,eganville,20,CA,1587252578,31,45.53,-77.1,48.2,13.87
426,port macquarie,98,CD,1587252307,60,-7.03,29.76,73.72,3.42
427,polis,95,CY,1587252578,71,35.04,32.43,51.8,3.36
428,sechura,0,PE,1587252578,69,-5.56,-80.82,75.92,14.52
429,lata,23,PT,1587252579,92,40.16,-8.33,57.0,1.01
430,kendari,96,ID,1587252579,87,-3.94,122.5,80.46,2.19
431,creel,0,MX,1587252579,14,27.75,-107.63,58.98,20.38
432,salalah,40,OM,1587252579,69,17.02,54.09,82.4,4.7
433,egvekinot,100,RU,1587252579,89,66.32,-179.17,8.58,20.69
434,aden,30,YE,1587252435,77,12.78,45.04,82.36,14.12
435,kjollefjord,58,NO,1587252579,89,70.95,27.35,35.01,4.74
436,mailsi,57,PK,1587252579,47,29.8,72.18,73.33,5.28
437,moranbah,4,AU,1587252580,43,-22.0,148.05,85.23,14.29
438,luderitz,4,NA,1587252580,93,-26.65,15.16,59.0,9.17
439,queenstown,0,ZA,1587252580,43,-31.9,26.88,50.31,1.77
440,chernyshevskiy,55,RU,1587252580,89,63.01,112.47,12.79,7.45
441,santa isabel,90,PH,1587252580,61,17.49,120.43,85.17,1.66
442,keskin,11,TR,1587252580,51,39.67,33.61,53.01,2.93
443,pacific grove,3,US,1587252580,33,38.48,-90.74,64.99,1.99
444,ferrol,95,ES,1587252546,91,43.48,-8.24,55.99,1.99
445,srednekolymsk,81,RU,1587252581,89,67.45,153.68,2.23,11.12
446,san patricio,99,ML,1587252433,21,13.3,-4.9,94.12,8.41
447,springside,0,GB,1587252581,80,55.62,-4.6,41.0,10.29
448,jalu,0,LY,1587252581,38,29.03,21.55,65.77,9.13
449,irbit,0,RU,1587252581,85,57.67,63.07,34.81,7.7
450,mitu,93,CO,1587252581,90,1.2,-70.17,72.03,2.26
451,chulym,36,RU,1587252646,79,55.1,80.96,39.04,6.49
452,lac du bonnet,70,AL,1587252646,93,41.64,19.71,48.2,3.36
453,gijon,82,ES,1587252399,94,43.54,-5.66,57.0,2.19
454,buala,72,SB,1587252647,71,-8.14,159.59,83.89,2.86
455,lakes entrance,75,US,1587252647,50,61.61,-149.31,57.2,5.82
456,trairi,32,BR,1587252647,81,-3.28,-39.27,79.11,2.44
457,buzmeyin,2,TM,1587252647,82,38.05,58.21,55.4,4.7
458,tyup,6,KG,1587252647,29,42.73,78.36,41.76,3.85
459,alekseyevka,3,RU,1587252648,75,50.63,38.69,36.79,5.37
460,moerai,35,PF,1587252648,73,-22.43,-151.33,81.19,6.42
461,chapleau,90,CA,1587252648,56,47.84,-83.4,42.8,17.22
462,colomiers,75,FR,1587252648,87,43.62,1.35,59.0,10.29
463,markova,46,UA,1587252648,65,48.68,24.41,36.1,0.51
464,hofn,99,IS,1587252649,88,64.25,-15.21,45.46,14.67
465,hovd,1,MN,1587252649,40,48.01,91.64,34.7,3.38
466,arvika,0,SE,1587252649,69,59.66,12.59,39.0,8.05
467,lengshuitan,99,CN,1587252649,85,26.41,111.6,63.54,5.97
468,jarvakandi,63,EE,1587252649,69,58.78,24.83,37.99,1.99
469,ambon,40,ID,1587252650,83,-3.7,128.18,82.4,1.12
470,tombouctou,90,ML,1587252650,34,20.0,-3.0,83.05,23.6
471,luganville,40,VU,1587252650,83,-15.53,167.17,82.4,6.93
472,ust-ilimsk,0,RU,1587252650,84,58.0,102.66,21.65,7.65
473,campbell river,1,US,1587252650,40,38.95,-84.38,54.0,9.17
474,killybegs,58,IE,1587252650,82,54.63,-8.45,46.99,7.0
475,tabou,100,CI,1587252650,86,4.42,-7.35,79.34,7.83
476,gizo,44,SB,1587252651,65,-8.1,156.84,86.07,2.35
477,puerto rico,42,ES,1587252651,82,36.59,-6.23,62.6,8.05
478,guarapari,75,BR,1587252651,78,-20.67,-40.5,75.2,10.29
479,luau,89,AO,1587252651,70,-10.71,22.22,65.28,3.71
480,epe,55,NG,1587252651,86,6.58,3.98,80.37,6.15
481,san cristobal,99,ML,1587252434,21,13.3,-4.9,94.12,8.41
482,alice springs,90,US,1587252652,88,27.75,-98.07,68.0,8.05
483,ueno,81,JP,1587252652,85,34.75,136.13,57.0,1.99
484,sidi ali,50,CF,1587252652,78,5.08,19.88,73.9,3.96
485,omboue,96,GA,1587252652,87,-1.57,9.26,79.25,4.54
486,beloha,6,MG,1587252652,83,-25.17,45.05,70.66,12.28
487,teahupoo,54,PF,1587252652,70,-17.83,-149.27,87.8,8.05
488,kartaly,77,RU,1587252652,79,53.05,60.65,37.26,7.65
489,challapata,31,BO,1587252653,19,-18.9,-66.77,47.14,3.83
490,lazaro cardenas,42,DO,1587252653,75,19.46,-71.33,82.0,1.01
491,raton,20,US,1587252653,9,36.9,-104.44,66.2,21.92
492,orocue,71,CO,1587252653,73,4.79,-71.34,78.8,9.33
493,bolobo,100,CD,1587252653,86,-2.17,16.23,73.0,5.73
494,irawan,20,PH,1587252653,74,9.8,118.69,80.6,6.93
495,iranshahr,100,IR,1587252542,31,27.2,60.68,78.03,2.62
496,kurumkan,100,RU,1587252654,75,54.3,110.3,25.65,2.91
497,gigmoto,83,PH,1587252654,77,13.78,124.39,82.08,13.62
498,nishihara,75,JP,1587252654,83,26.18,127.76,77.0,11.41
499,khromtau,96,KZ,1587252654,67,50.25,58.43,41.36,0.92
500,berezovka,33,BY,1587252654,90,53.72,25.5,32.23,7.36
501,paamiut,100,GL,1587252719,93,61.99,-49.67,26.33,16.58
502,petropavl,100,KZ,1587252720,68,54.88,69.16,50.54,10.07
503,rio grande,34,GR,1587252720,93,38.3,21.78,51.8,2.01
504,port-cartier,75,CA,1587252720,80,50.03,-66.87,33.01,10.29
505,kiunga,99,PG,1587252720,88,-6.12,141.29,78.48,0.47
506,noshiro,75,JP,1587252720,75,40.2,140.02,55.4,12.75
507,bonthe,69,SL,1587252720,80,7.53,-12.51,79.56,10.22
508,altea,100,ES,1587252720,96,38.6,-0.05,59.0,7.0
509,kussnacht,20,CH,1587252720,76,47.09,8.44,57.2,2.24
510,georgiyevka,0,KZ,1587252721,75,43.04,74.71,46.4,4.47
511,pokrovsk,100,UA,1587252721,57,48.28,37.18,42.26,0.4
512,nizhniy kuranakh,92,RU,1587252721,76,45.39,39.24,50.0,4.47
513,mastic beach,90,US,1587252721,65,40.8,-72.84,44.6,10.29
514,bardiyah,0,LY,1587252722,80,31.76,25.09,57.78,4.23
515,adet,93,ET,1587252722,17,11.26,37.49,63.32,4.43
516,cabinda,99,AO,1587252722,80,-5.55,12.2,78.69,2.33
517,skibbereen,90,IE,1587252722,93,51.55,-9.27,46.4,16.11
518,chontalpa,24,MX,1587252722,51,17.7,-93.52,91.26,5.97
519,ugoofaaru,11,MV,1587252722,75,5.67,73.0,85.66,11.03
520,ust-maya,99,RU,1587252722,88,60.42,134.53,16.95,2.68
521,lagoa,100,PT,1587252706,84,39.05,-27.98,62.22,17.72
522,micheweni,100,TZ,1587252723,89,-4.97,39.83,79.32,20.69
523,vestmannaeyjar,100,IS,1587252723,93,63.44,-20.27,45.41,14.79
524,souillac,40,MU,1587252723,83,-20.52,57.52,77.0,11.41
525,novyy urgal,92,RU,1587252723,76,45.01,38.98,50.0,4.47
526,parabel,95,RU,1587252723,79,58.7,81.48,38.93,12.08
527,bend,99,US,1587252559,28,44.06,-121.32,52.0,1.99
528,ola,100,RU,1587252723,85,59.58,151.28,12.81,12.71
529,poum,52,NC,1587252724,75,-20.23,164.02,78.94,12.77
530,barreirinhas,100,BR,1587252724,82,-2.75,-42.83,78.71,4.56
531,ferkessedougou,64,CI,1587252724,61,9.6,-5.2,82.42,9.71
532,capela,40,BR,1587252724,88,-10.5,-37.05,78.8,3.36
533,krasnozerskoye,29,RU,1587252724,80,53.98,79.24,42.22,6.85
534,churapcha,0,RU,1587252724,84,62.0,132.43,12.7,6.73
535,aykhal,1,RU,1587252724,43,66.0,111.5,10.4,4.47
536,moroni,80,KM,1587252724,78,-11.7,43.26,81.48,14.5
537,shingu,40,JP,1587252725,58,33.73,135.98,59.0,17.22
538,nouadhibou,0,MR,1587252725,77,20.93,-17.03,68.0,13.87
539,longyearbyen,20,SJ,1587252725,92,78.22,15.64,28.4,2.24
540,kuching,40,MY,1587252725,94,1.55,110.33,75.2,2.24
541,galveston,100,US,1587252595,92,29.37,-94.97,73.0,3.0
542,sistranda,75,NO,1587252725,93,63.73,8.83,42.8,5.82
543,phan rang,24,TH,1587252725,83,19.55,99.74,77.0,2.24
544,wanning,3,CN,1587252725,84,18.8,110.4,77.97,9.53
545,tommot,62,RU,1587252726,85,58.96,126.29,17.26,5.3
546,camacha,20,PT,1587252726,72,33.08,-16.33,62.6,10.29
547,altamont,75,US,1587252726,29,42.21,-121.74,61.0,12.75
548,doha,71,QA,1587252705,83,25.29,51.53,75.99,4.7
549,kita,72,ML,1587252726,18,13.03,-9.49,89.91,11.12
550,bilibino,71,RU,1587252726,79,68.05,166.44,7.97,5.64
551,wasilla,90,US,1587252791,66,61.58,-149.44,57.2,3.36
552,mount isa,94,GB,1587252791,93,53.66,-1.85,45.0,1.01
555,lidkoping,0,SE,1587252792,65,58.51,13.16,41.0,6.93
556,verkhnyaya toyma,53,RU,1587252792,97,60.98,40.21,24.66,3.06
557,curvelo,90,BR,1587252694,75,-18.76,-44.43,68.76,5.86
558,inyonga,99,TZ,1587252792,68,-6.72,32.07,64.36,3.51
559,darnah,0,LY,1587252792,69,32.77,22.64,59.0,9.98
560,kidal,4,ML,1587252792,11,18.44,1.41,85.98,8.21
561,vila franca do campo,90,PT,1587252792,93,42.03,-8.16,50.0,2.24
562,deloraine,57,AU,1587252793,78,-41.53,146.67,52.0,1.01
563,sao jose da coroa grande,30,IN,1587252793,25,20.51,76.21,81.41,3.51
564,lahore,20,PK,1587252628,72,31.55,74.34,68.0,5.82
565,fukue,75,JP,1587252793,76,32.69,128.84,57.2,6.93
566,high prairie,75,US,1587252793,55,33.61,-95.75,66.2,8.05
